{"cameraMode":{"drawMode":0,"name":"Shaded","section":"Shading Mode"},"sceneLighting":true,"audioPlay":false,"sceneViewState":{"m_AlwaysRefresh":false,"showFog":true,"showSkybox":true,"showFlares":true,"showImageEffects":true,"showParticleSystems":true,"showVisualEffectGraphs":true,"m_FxEnabled":true},"in2DMode":false,"pivot":{"x":5.807547569274902,"y":7.507356643676758,"z":18.24529266357422},"rotation":{"x":0.058748405426740649,"y":-0.22301813960075379,"z":0.013477684929966927,"w":0.9729691743850708},"size":19.871929168701173,"orthographic":true}